File,Equipment ID,Loop/Stream ID,Description,Location
973011021C.dxf,021-E-1,,21,"(42.0, 468.0, 0.0)"
973011111C.dxf,111-E-15,P003,"WATER WASH PUMP, IN, Z, BMS, OUT, 111, HEAD, 6B, FLOW","(516.0, 141.0, 0.0)"
973011111C.dxf,973011111-E-16,T001,"OF_LEVEL, TOPT, CONS, 973011111, DIAM, FEEDWATER TANK, HEIGHT, TIME, 6B, VOL","(306.0, 234.0, 0.0)"
973011111C.dxf,973011111-E-17,M002,"973011111, 6B, DAERATOR, 111","(417.0, 294.0, 0.0)"
973011111C.dxf,973011111-E-18,P003-M01,"WATER WASH PUMP, 973011111, 111, 6B","(474.0, 138.0, 0.0)"
973011121C.dxf,021-E-12,W006,"121, 6B, DESUPERHEATER, 021","(248.48, 474.38, 0.0)"
973011121C.dxf,973011121A-E-18,,"973011121A, FW VALVE TURBINE PUMP, 6B-HV-1205","(383.36, 129.44, 0.0)"
973011121C.dxf,973011121A-E-19,,"973011121A, FW VALVE TURBINE PUMP, 6B-HV-1205-M01, 121, 6B","(315.0, 90.0, 0.0)"
973011121C.dxf,973011121A-E-20,,"973011121A, 6B-HV-1215","(393.0, 159.0, 0.0)"
973011121C.dxf,973011121A-E-21,,"6B-HV-1215-M01, 973011121A, 121, 6B, FW VALVE PUMP 2","(380.34, 163.72, 0.0)"
973011121C.dxf,973011121A-E-23,,"6B-HV-1225, 973011121A, FW VALVE PUMP 3","(455.24, 189.36, 0.0)"
973011121C.dxf,973011121A-E-24,,"973011121A, 121, FW VALVE PUMP 3, 6B, 6B-HV-1225-M01","(457.67, 202.32, 0.0)"
973011171C.dxf,X171-E-166.04,"M017, X171","166.04, 171, 6B, AIR VENTING","(292.06, 355.7, 0.0)"
973011171C.dxf,X171-E-122.02,"M012, X171","122.02, 171, 6B, ECONOMIZER II","(537.0, 290.44, 0.0)"
973011171C.dxf,X171-E-122.01,"M011, X171","171, 6B, ECONOMIZER I, 122.01","(365.95, 284.3, 0.0)"
973011171C.dxf,171-E-18,M013,"171, 6B, DOLEZAL","(585.0, 396.0, 0.0)"
973011171C.dxf,X171-E-101.01,"T015, X171","STEAM DRUM, 6B, OF_LEVEL","(621.0, 543.0, 0.0)"
973011171C.dxf,973011171A-E-20,,"6B-HV-1707, 171, Filling valve, 973011171A, 6B","(220.46, -24.01, 0.0)"
973011171C.dxf,973011171A-E-21,,"171, 973011171A, 6B, 6B-HV-1705, FW Valve","(270.09, -21.82, 0.0)"
973011171C.dxf,973011171A-E-22,,"6B-HV-1705-M01, 171, FW valve, 973011171A, 6B","(312.41, -30.58, 0.0)"
973011171C.dxf,973011171A-E-23,,"171, Filling valve, 973011171A, 6B-HV-1707-M01, 6B","(292.57, -27.66, 0.0)"
973011181C.dxf,121-E-119.01,,"121, 119.01, BOILER BANK MAIN INLET HEADER","(360.27, 222.19, 0.0)"
973011181C.dxf,121-E-113.01,,"121, BOILER BANK, 113.01","(360.27, 249.19, 0.0)"
973011181C.dxf,121-E-112.06,,"121, FURNACE BOTTOM, 112.06","(363.34, 102.73, 0.0)"
973011181C.dxf,121-E-118.01,,"121, MAIN INLET HEADER","(367.48, 121.47, 0.0)"
973011181C.dxf,121-E-110.01,M019,"110.01, FURNACE, 121, 181, 6B","(366.43, 162.4, 0.0)"
973011181C.dxf,X171-E-101.01,"T015, X171","STEAM DRUM, 6B, OF_LEVEL","(411.0, 423.0, 0.0)"
973011201C.dxf,131-E-131.02,M022,"201, 131, 131.02, 6B, SUPERHEATER IB","(370.12, 196.87, 0.0)"
973011201C.dxf,131-E-131.01,M021,"201, 131.01, SUPERHEATER IA, 131, 6B","(442.12, 133.87, 0.0)"
973011201C.dxf,131-E-131.05,M029,"201, 131.05, 131, 6B, SUPERHEATER III","(394.16, 467.47, 0.0)"
973011201C.dxf,131-E-141.01.01,W023,"201, 131, DESUPERHEATER 1, LEFT, 6B, 141.01.01","(358.24, 217.32, 0.0)"
973011201C.dxf,131-E-141.01.02,W024,"201, 131, 141.01.02, 6B, DESUPERHEATER 1, RIGHT","(454.18, 216.07, 0.0)"
973011201C.dxf,131-E-141.02.02,W028,"201, 141.02.02, DESUPERHEATER 2, RIGHT, 131, 6B","(458.01, 393.06, 0.0)"
973011201C.dxf,131-E-141.02.01,W027,"201, 131, 141.02.01, 6B, DESUPERHEATER 2, LEFT","(363.08, 396.06, 0.0)"
973011201C.dxf,131-E-131.04.01,M026,"201, 131.04.01, 131, 6B, SUPERHEATER II","(397.16, 284.81, 0.0)"
973011201C.dxf,X171-E-101.01,"T015, X171","STEAM DRUM, 6B, OF_LEVEL","(351.0, -24.0, 0.0)"
973011201C.dxf,973011201A-E-19,,"SPRAY WATER VALVE, 973011201A, 6B-HV-2072","(168.14, 346.64, 0.0)"
973011201C.dxf,973011201A-E-20,,"Spray water valve, 973011201A, 201, 6B-HV-2072-M01, 6B","(147.0, 354.0, 0.0)"
973011201C.dxf,973011201A-E-21,,"Spray water valve, 973011201A, 6B-HV-2075","(168.0, 252.0, 0.0)"
973011201C.dxf,973011201A-E-22,,973011201A,"(-108.0, 255.0, 0.0)"
973011201C.dxf,973011201A-E-23,,"Spray water valve, 973011201A, 201, 6B-HV-2075-M01, 6B","(150.0, 255.0, 0.0)"
973011211C.dxf,141-E-691.01.01,M031,"SILENCER, 141, 6B, 211, 691.01.01","(254.06, 529.97, 0.0)"
973011211C.dxf,973011211A-E-10,,"973011211A, 6B-HV-2111","(375.95, -113.58, 0.0)"
973011211C.dxf,973011211A-E-11,,"973011211A, 6B-HV-2112","(386.26, -56.86, 0.0)"
973011211C.dxf,973011211A-E-12,,"973011211A, Start-up valve 1, 6B-HV-2111-M01, 211, 6B","(-73.98, 173.73, 0.0)"
973011211C.dxf,973011211A-E-13,,"973011211A, Start-up valve 2, 6B, 211, 6B-HV-2112-M01","(-80.85, 227.37, 0.0)"
973011211C.dxf,973011211A-E-14,,"973011211A, 6B-HV-2104","(377.99, -71.12, 0.0)"
973011211C.dxf,973011211A-E-15,,"973011211A, 6B-HV-2105","(445.05, -121.06, 0.0)"
973011211C.dxf,973011211A-E-16,,"973011211A, MAin steam valve, 211, 6B-HV-2104-M01, 6B","(370.85, -59.55, 0.0)"
973011211C.dxf,973011211A-E-17,,"973011211A, Main steam valve, 211, 6B, 6B-HV-2105-M01","(425.79, -127.88, 0.0)"
973011211C.dxf,141-E-164.08,W032,"SAMPLE PRECOOLER, 6B, 211, 141","(420.0, 42.0, 0.0)"
973011221C.dxf,231-E-401.01.03,M101,"231, 401.01.03, 221, 6B, SOOTBLOWER 01","(207.09, 415.57, 0.0)"
973011221C.dxf,231-E-401.01.05,M103,"401.01.05, SOOTBLOWER 3, 231, 221, 6B","(207.09, 379.96, 0.0)"
973011221C.dxf,231-E-401.01.07,M105,"401.01.07, 231, 221, 6B, SOOTBLOWER 5","(192.82, 304.26, 0.0)"
973011221C.dxf,231-E-401.01.17,M109,"231, SOOTBLOWER 9, 221, 6B","(250.98, 410.05, 0.0)"
973011221C.dxf,231-E-401.01.19,M111,"231, 221, 6B, SOOTBLOWER 11","(250.98, 383.12, 0.0)"
973011221C.dxf,231-E-401.01.21,M113,"231, 221, 6B, SOOTBLOWER 13","(250.98, 344.26, 0.0)"
973011221C.dxf,231-E-401.01.27,M119,"231, 221, 6B, SOOTBLOWER 19","(112.98, 337.04, 0.0)"
973011221C.dxf,231-E-401.01.29,M117,"231, 221, 6B, SOOTBLOWER 17","(287.66, 453.76, 0.0)"
973011221C.dxf,231-E-401.01.33,M121,"231, 221, 6B, SOOTBLOWER 21","(113.62, 292.49, 0.0)"
973011221C.dxf,231-E-401.01.39,M171,"231, 221, 6B, SOOTBLOWER 71","(808.06, 287.85, 0.0)"
973011221C.dxf,231-E-401.01.41,M131,"231, 221, 6B, SOOTBLOWER 31","(112.06, 275.03, 0.0)"
973011221C.dxf,231-E-401.01.45,M135,"231, 221, 6B, SOOTBLOWER 35","(124.06, 269.66, 0.0)"
973011221C.dxf,231-E-401.01.47,M145,"231, 221, 6B, SOOTBLOWER 45","(115.46, 192.98, 0.0)"
973011221C.dxf,231-E-401.01.59,M159,"231, 221, 6B, SOOTBLOWER 59","(127.8, 116.84, 0.0)"
973011221C.dxf,231-E-401.01.61,M151,"231, 221, 6B, SOOTBLOWER 51","(121.8, 169.1, 0.0)"
973011221C.dxf,231-E-401.01.63,M167,"231, 221, 6B, SOOTBLOWER 67","(706.8, 298.55, 0.0)"
973011221C.dxf,231-E-401.01.67,M169,"231, 221, 6B, SOOTBLOWER 69","(567.74, 203.84, 0.0)"
973011221C.dxf,231-E-401.01.69,M147,"231, SOOTBLOWER 47, 221, 6B","(114.74, 172.1, 0.0)"
973011221C.dxf,231-E-401.01.15,M133,"231, 221, 6B, SOOTBLOWER 33","(113.32, 255.72, 0.0)"
973011221C.dxf,231-E-401.01.31,M153,"231, 221, 6B, SOOTBLOWER 53","(108.77, 146.82, 0.0)"
973011221C.dxf,231-E-401.01.65,M149,"231, 221, 6B, SOOTBLOWER 49","(118.8, 166.55, 0.0)"
973011221C.dxf,231-231-E-12,,231,"(492.0, 334.4, 0.0)"
973011221C.dxf,231-231-E-13,,231,"(549.0, 337.4, 0.0)"
973011221C.dxf,231-231-E-20,M143,"231, 221, 6B, SOOTBLOWER 43","(101.95, 173.94, 0.0)"
973011221C.dxf,231-231-E-21,M137,"231, SOOTBLOWER 37, 221, 6B","(106.86, 226.94, 0.0)"
973011221C.dxf,231-231-E-22,M139,"231, 221, 6B, SOOTBLOWER 39","(113.83, 228.1, 0.0)"
973011221C.dxf,231-231-E-23,M141,"231, SOOTBLOWER 41, 221, 6B","(112.29, 221.71, 0.0)"
973011221C.dxf,231-231-E-24,M161,"231, SOOTBLOWER 61, 221, 6B","(121.78, 101.35, 0.0)"
973011221C.dxf,231-231-E-25,,231,"(416.27, 238.94, 0.0)"
973011221C.dxf,231-231-E-26,M155,"231, SOOTBLOWER 55, 221, 6B","(107.75, 131.03, 0.0)"
973011221C.dxf,231-231-E-27,M157,"231, 221, 6B, SOOTBLOWER 57","(122.19, 113.27, 0.0)"
973011221C.dxf,231-231-E-30,,231,"(30.0, 414.0, 0.0)"
973011221C.dxf,231-231-E-43,M129,"231, 221, 6B, SOOTBLOWER 29","(117.0, 290.0, 0.0)"
973011221C.dxf,231-231-E-44,M127,"231, 221, 6B, SOOTBLOWER 27","(99.0, 264.0, 0.0)"
973011221C.dxf,231-231-E-45,M125,"231, 221, 6B, SOOTBLOWER 25","(111.0, 294.0, 0.0)"
973011221C.dxf,231-E-401.01.03.8,,231,"(-221.9, 378.54, 0.0)"
973011221C.dxf,231-E-401.01.03.9,,231,"(-183.48, 378.54, 0.0)"
973011221C.dxf,231-E-401.01.62,M165,"231, 221, 6B, SOOTBLOWER 65","(718.19, 313.1, 0.0)"
973011221C.dxf,231-E-401.01.64,M163,"231, 221, 6B, SOOTBLOWER 63","(712.39, 324.77, 0.0)"
973011221C.dxf,231-231-E-13.6,,231,"(612.61, 337.4, 0.0)"
973011221C.dxf,231-E-401.01.40,M173,"231, 221, 6B, SOOTBLOWER 73","(712.06, 271.78, 0.0)"
973011221C.dxf,231-E-401.01.42,M175,"231, 221, 6B, SOOTBLOWER 75","(802.06, 265.91, 0.0)"
973011221C.dxf,973011221-E-47,M107,"SOOTBLOWER 7, 221, 6B, 973011221","(192.0, 255.0, 0.0)"
973011221C.dxf,973011221-E-48,M115,"221, 6B, 973011221, SOOTBLOWER 15","(219.0, 261.0, 0.0)"
973011221C.dxf,973011221-E-49,M123,"221, 6B, 973011221, SOOTBLOWER 23","(297.0, 261.0, 0.0)"
973011221C.dxf,973011221A-E-50,M101-M01,"973011221A, Sootblower 1, 221, 6B","(177.0, 441.0, 0.0)"
973011221C.dxf,973011221A-E-51,M109-M01,"973011221A, 221, Sootblower 9, 6B","(198.0, 444.0, 0.0)"
973011221C.dxf,973011221A-E-52,M117-M01,"973011221A, Sootblower 17, 221, 6B","(249.0, 444.0, 0.0)"
973011221C.dxf,973011221A-E-55,M111-M01,"973011221A, 221, 6B, Sootblower 11","(234.0, 387.0, 0.0)"
973011221C.dxf,973011221A-E-56,M103-M01,"973011221A, 221, 6B, Sootblower 3","(183.0, 387.0, 0.0)"
973011221C.dxf,973011221A-E-57,M119-M01,"973011221A, Sootblower 19, 221, 6B","(279.0, 387.0, 0.0)"
973011221C.dxf,973011221A-E-58,M105-M01,"Sootblower 5, 973011221A, 221, 6B","(189.0, 324.0, 0.0)"
973011221C.dxf,973011221A-E-59,M113-M01,"973011221A, 221, 6B, Sootblower 13","(240.0, 327.0, 0.0)"
973011221C.dxf,973011221A-E-601,M121-M01,"Sootblower 21, 973011221A, 221, 6B","(279.0, 333.0, 0.0)"
973011221C.dxf,973011221A-E-61,M107-M01,"973011221A, 221, 6B, Sootblower 7","(183.0, 264.0, 0.0)"
973011221C.dxf,973011221A-E-62,M115-M01,"Sootblower 15, 973011221A, 221, 6B","(240.0, 264.0, 0.0)"
973011221C.dxf,973011221A-E-63,M123-M01,"973011221A, 221, 6B, Sootblower 23","(285.0, 267.0, 0.0)"
973011221C.dxf,973011221A-E-64.1,M125-M01,"973011221A, 221, 6B, Sootblower 25","(354.0, 453.0, 0.0)"
973011221C.dxf,973011221A-E-65,M127-M01,"973011221A, 6B, 221, Sootblower 27","(315.0, 387.0, 0.0)"
973011221C.dxf,973011221A-E-66,M129-M01,"973011221A, 221, 6B, Sootblower 29","(321.0, 327.0, 0.0)"
973011221C.dxf,973011221A-E-67,M131-M01,"973011221A, 221, 6B, Sootblower 31","(378.0, 384.0, 0.0)"
973011221C.dxf,973011221A-E-68,M133-M01,"973011221A, 6B, 221, Sootblower 33","(378.0, 351.0, 0.0)"
973011221C.dxf,973011221A-E-69,M135-M01,"973011221A, 221, 6B, Sootblower 35","(372.0, 327.0, 0.0)"
973011221C.dxf,973011221A-E-70,M137-M01,"973011221A, 221, 6B, Sootblower 37","(399.0, 405.0, 0.0)"
973011221C.dxf,973011221A-E-71,M139-M01,"973011221A, 6B, 221, Sootblower 39","(426.0, 348.0, 0.0)"
973011221C.dxf,973011221A-E-72,M141-M01,"973011221A, 221, 6B, Sootblower 41","(408.0, 315.0, 0.0)"
973011221C.dxf,973011221A-E-73,M143-M01,"973011221A, Sootblower 43, 221, 6B","(441.0, 378.0, 0.0)"
973011221C.dxf,973011221A-E-74,M145-M01,"973011221A, 221, 6B, Sootblower 45","(426.0, 342.0, 0.0)"
973011221C.dxf,973011221A-E-75,M147-M01,"973011221A, 6B, 221, Sootblower 47","(432.0, 264.0, 0.0)"
973011221C.dxf,973011221A-E-76,M149-M01,"973011221A, 221, 6B, Sootblower 49","(438.0, 234.0, 0.0)"
973011221C.dxf,973011221A-E-77,M151-M01,"973011221A, 221, 6B, Sootblower 51","(435.0, 225.0, 0.0)"
973011221C.dxf,973011221A-E-78,M153-M01,"Sootblower 53, 973011221A, 221, 6B","(435.0, 198.0, 0.0)"
973011221C.dxf,973011221A-E-79,M155-M01,"973011221A, 221, Sootblower 55, 6B","(432.0, 165.0, 0.0)"
973011221C.dxf,973011221A-E-80,M157-M01,"973011221A, 221, 6B, Sootblower 57","(438.0, 129.0, 0.0)"
973011221C.dxf,973011221A-E-81,M159-M01,"973011221A, 221, 6B, Sootblower 59","(489.0, 342.0, 0.0)"
973011221C.dxf,973011221A-E-82,M161-M01,"Sootblower 61, 973011221A, 221, 6B","(519.0, 408.0, 0.0)"
973011221C.dxf,973011221A-E-83,M163-M01,"Sootblower 63, 973011221A, 221, 6B","(528.0, 282.0, 0.0)"
973011221C.dxf,973011221A-E-84,M165-M01,"973011221A, 221, 6B, Sootblower 65","(522.0, 210.0, 0.0)"
973011221C.dxf,973011221A-E-85,M167-M01,"Sootblower 67, 973011221A, 221, 6B","(510.0, 141.0, 0.0)"
973011221C.dxf,973011221A-E-86,M169-M01,"973011221A, 221, Sootblower 69, 6B","(579.0, 408.0, 0.0)"
973011221C.dxf,973011221A-E-87,M171-M01,"973011221A, 221, 6B, Sootblower 71","(594.0, 288.0, 0.0)"
973011221C.dxf,973011221A-E-88,M173-M01,"Sootblower 73, 973011221A, 221, 6B","(591.0, 210.0, 0.0)"
973011221C.dxf,973011221A-E-89,M175-M01,"Sootblower 75, 973011221A, 221, 6B","(594.0, 141.0, 0.0)"
973011221C.dxf,973011221A-E-90,,"973011221A, 6B-HV-2216","(197.8, -12.77, 0.0)"
973011221C.dxf,973011221A-E-91,,"973011221A, 6B-HV-2222","(349.75, -25.63, 0.0)"
973011221C.dxf,973011221A-E-92,,"973011221A, 6B-HV-2227","(525.66, -26.63, 0.0)"
973011221C.dxf,973011221A-E-93,,"973011221A, SB steam condensate, 6B-HV-2216-M01, 221, 6B","(230.33, -11.61, 0.0)"
973011221C.dxf,973011221A-E-94,,"973011221A, SB steam condensate, 221, 6B, 6B-HV-2222-M01","(404.74, -8.31, 0.0)"
973011221C.dxf,973011221A-E-95,,"973011221A, 6B-HV-2227-M01, SB steam condensate, 221, 6B","(492.73, -5.93, 0.0)"
973011221C.dxf,973011221A-E-96,,"973011221A, 6B-HV-2201, SB steam valve","(-43.3, 517.75, 0.0)"
973011221C.dxf,973011221A-E-98,,"973011221A, 6B-HV-2201-M01, SB steam valve, 211, 6B","(150.0, 516.0, 0.0)"
973011221C.dxf,973011221A-E-991,,"973011221A, 6B-HV-2204","(141.0, 600.0, 0.0)"
973011221C.dxf,973011221A-E-100,,"973011221A, SB steam valve, 211, 6B-HV-2204-M01, 6B","(141.0, 606.0, 0.0)"
973011221C.dxf,973011221B-E-101,,973011221B,"(-60.0, 321.0, 0.0)"
973011221C.dxf,973011221B-E-102,,973011221B,"(-63.0, 261.0, 0.0)"
973011221C.dxf,973011221B-E-103,,973011221B,"(-69.0, 360.0, 0.0)"
973011231C.dxf,232-E-401.01.04,M102,"SOOTBLOWER 02, 232, 231, 401.01.04, 6B","(674.08, 537.42, 0.0)"
973011231C.dxf,232-E-401.01.06,M104,"231, SOOTBLOWER 4, 6B, 232","(746.08, 544.69, 0.0)"
973011231C.dxf,232-E-401.01.08,M122,"231, 6B, SOOTBLOWER 22, 232","(740.08, 407.7, 0.0)"
973011231C.dxf,232-E-401.01.12,M116,"231, SOOTBLOWER 16, 6B, 232","(623.08, 288.89, 0.0)"
973011231C.dxf,232-E-401.01.18,M110,"231, 6B, SOOTBLOWER 10, 232","(734.31, 518.84, 0.0)"
973011231C.dxf,232-E-401.01.20,M112,"231, 6B, SOOTBLOWER 12, 232","(719.31, 508.69, 0.0)"
973011231C.dxf,232-E-401.01.22,M106,"231, 6B, SOOTBLOWER 6, 232","(740.31, 551.7, 0.0)"
973011231C.dxf,232-E-401.01.26,M108,"231, SOOTBLOWER 8, 6B, 232","(734.31, 525.89, 0.0)"
973011231C.dxf,232-E-401.01.30,M118,"231, SOOTBLOWER 18, 6B, 232","(738.0, 494.0, 0.0)"
973011231C.dxf,232-E-401.01.38,M114,"231, SOOTBLOWER 14, 6B, 232","(738.0, 486.29, 0.0)"
973011231C.dxf,232-E-401.01.16,M120,"231, 6B, SOOTBLOWER 20, 232","(747.0, 461.27, 0.0)"
973011231C.dxf,232-232-E-79,M124,"231, 6B, SOOTBLOWER 24, 232","(735.0, 405.0, 0.0)"
973011231C.dxf,232-232-E-80,,232,"(598.46, 234.36, 0.0)"
973011231C.dxf,232-232-E-81,,232,"(648.83, 233.51, 0.0)"
973011231C.dxf,232-232-E-82,M130,"231, 6B, SOOTBLOWER 30, 232","(742.37, 377.27, 0.0)"
973011231C.dxf,232-232-E-83,M136,"231, 6B, SOOTBLOWER 36, 232","(742.04, 349.0, 0.0)"
973011231C.dxf,232-232-E-84,M134,"231, 6B, SOOTBLOWER 34, 232","(742.04, 362.84, 0.0)"
973011231C.dxf,232-232-E-85,M132,"231, 6B, SOOTBLOWER 32, 232","(739.04, 369.29, 0.0)"
973011231C.dxf,232-232-E-86,M128,"231, 6B, SOOTBLOWER 28, 232","(741.95, 392.34, 0.0)"
973011231C.dxf,232-232-E-87,M126,"231, 6B, SOOTBLOWER 26, 232","(727.37, 387.25, 0.0)"
973011231C.dxf,232-232-E-88,M170,"231, SOOTBLOWER 70, 6B, 232","(114.62, 295.16, 0.0)"
973011231C.dxf,232-232-E-89,M162,"231, SOOTBLOWER 62, 6B, 232","(121.36, 350.22, 0.0)"
973011231C.dxf,232-232-E-90,,232,"(325.98, 434.22, 0.0)"
973011231C.dxf,232-232-E-91,M144,"231, 6B, SOOTBLOWER 44, 232","(738.76, 300.44, 0.0)"
973011231C.dxf,232-232-E-92,M138,"231, 6B, SOOTBLOWER 38, 232","(740.82, 351.47, 0.0)"
973011231C.dxf,232-232-E-93,M140,"231, SOOTBLOWER 40, 6B, 232","(740.29, 329.49, 0.0)"
973011231C.dxf,232-232-E-94,M142,"231, 6B, SOOTBLOWER 42, 232","(726.35, 309.57, 0.0)"
973011231C.dxf,232-232-E-95,M146,"231, 6B, SOOTBLOWER 46, 232","(726.76, 292.89, 0.0)"
973011231C.dxf,232-232-E-96,M148,"231, 6B, SOOTBLOWER 48, 232","(748.29, 266.62, 0.0)"
973011231C.dxf,232-232-E-97,M150,"231, SOOTBLOWER 50, 6B, 232","(725.88, 263.89, 0.0)"
973011231C.dxf,232-232-E-98,M152,"231, SOOTBLOWER 52, 6B, 232","(736.29, 253.38, 0.0)"
973011231C.dxf,M232-232-E-99,"M154, M232","231, 6B, SOOTBLOWER 54","(725.7, 246.59, 0.0)"
973011231C.dxf,232-232-E-100,M156,"231, SOOTBLOWER 56, 6B, 232","(730.29, 230.8, 0.0)"
973011231C.dxf,232-232-E-101,M158,"231, 6B, SOOTBLOWER 58, 232","(711.23, 212.7, 0.0)"
973011231C.dxf,232-232-E-102,M168,"231, 6B, SOOTBLOWER 68, 232","(130.89, 299.2, 0.0)"
973011231C.dxf,232-232-E-103,M166,"231, 6B, SOOTBLOWER 66, 232","(121.89, 313.33, 0.0)"
973011231C.dxf,232-232-E-104,M164,"231, 6B, SOOTBLOWER 64, 232","(130.36, 330.65, 0.0)"
973011231C.dxf,232-232-E-105,,232,"(296.77, 362.55, 0.0)"
973011231C.dxf,232-232-E-106,M160,"231, SOOTBLOWER 60, 6B, 232","(139.98, 334.08, 0.0)"
973011231C.dxf,232-232-E-107,,232,"(259.05, 406.08, 0.0)"
973011231C.dxf,232-232-E-108,,232,"(234.62, 363.08, 0.0)"
973011231C.dxf,232-232-E-109,M172,"231, 6B, SOOTBLOWER 72, 232","(120.62, 272.78, 0.0)"
973011231C.dxf,232-232-E-110,M174,"231, 6B, SOOTBLOWER 74, 232","(139.68, 262.33, 0.0)"
973011231C.dxf,232-232-E-111,M176,"231, 6B, SOOTBLOWER 76, 232","(116.55, 249.79, 0.0)"
973011231C.dxf,232-232-E-112,,232,"(688.67, 435.11, 0.0)"
973011231C.dxf,232-232-E-113,,232,"(727.21, 436.12, 0.0)"
973011231C.dxf,973011231A-E-114,,"6B-HV-2314, 973011231A","(201.66, -10.81, 0.0)"
973011231C.dxf,973011231A-E-115,,"973011231A, 6B-HV-2310","(361.7, -10.9, 0.0)"
973011231C.dxf,973011231A-E-1161,,"6B-HV-2304, 973011231A","(534.65, -16.36, 0.0)"
973011231C.dxf,973011231A-E-117,,"SB steam condensate, 973011231A, 221, 6B, 6B-HV-2314-M01","(243.0, 27.0, 0.0)"
973011231C.dxf,973011231A-E-118,,"6B-HV-2310-M01, SB steam condensate, 973011231A, 221, 6B","(381.0, -6.0, 0.0)"
973011231C.dxf,973011231A-E-119,,"6B-HV-2304-M01, SB steam condensate, 973011231A, 221, 6B","(562.54, -12.37, 0.0)"
973011231C.dxf,973011231A-E-120,M102-M01,"231, 973011231A, Sootblower 2, 6B","(627.0, 486.0, 0.0)"
973011231C.dxf,973011231A-E-121,M104-M01,"231, 973011231A, 6B, Sootblower 4","(636.0, 426.0, 0.0)"
973011231C.dxf,973011231A-E-122,M106-M01,"Sootblower 6, 973011231A, 6B, 231","(633.0, 369.0, 0.0)"
973011231C.dxf,973011231A-E-123,M108-M01,"Sootblower 8, 973011231A, 6B, 231","(636.0, 303.0, 0.0)"
973011231C.dxf,973011231A-E-124,M116-M01,"231, Sootblower 16, 973011231A, 6B","(579.0, 306.0, 0.0)"
973011231C.dxf,973011231A-E-125,M114-M01,"231, 973011231A, 6B, Sootblower 14","(585.0, 375.0, 0.0)"
973011231C.dxf,973011231A-E-126,M112-M01,"Sootblower 12, 973011231A, 6B, 231","(585.0, 393.0, 0.0)"
973011231C.dxf,973011231A-E-127,M110-M01,"231, 973011231A, 6B, Sootblower 10","(591.0, 450.0, 0.0)"
973011231C.dxf,973011231A-E-128,M118-M01,"Sootblower 18, 973011231A, 6B, 231","(534.0, 456.0, 0.0)"
973011231C.dxf,973011231A-E-129,M120-M01,"231, Sootblower 20, 973011231A, 6B","(531.0, 426.0, 0.0)"
973011231C.dxf,973011231A-E-130,M122-M01,"231, 973011231A, 6B, Sootblower 22","(525.0, 366.0, 0.0)"
973011231C.dxf,973011231A-E-131,M124-M01,"231, 973011231A, Sootblower 24, 6B","(531.0, 306.0, 0.0)"
973011231C.dxf,973011231A-E-132,M126-M01,"231, 973011231A, 6B, Sootblower 26","(477.0, 456.0, 0.0)"
973011231C.dxf,973011231A-E-133,M130-M01,"231, 973011231A, Sootblower 30, 6B","(486.0, 363.0, 0.0)"
973011231C.dxf,973011231A-E-134,M128-M01,"231, 973011231A, 6B, Sootblower 28","(477.0, 375.0, 0.0)"
973011231C.dxf,973011231A-E-135,M132-M01,"231, Sootblower 32, 973011231A, 6B","(438.0, 456.0, 0.0)"
973011231C.dxf,973011231A-E-136,M134-M01,"231, 973011231A, 6B, Sootblower 34","(432.0, 393.0, 0.0)"
973011231C.dxf,973011231A-E-137,M136-M01,"231, 973011231A, 6B, Sootblower 36","(444.0, 369.0, 0.0)"
973011231C.dxf,973011231A-E-138,M138-M01,"231, 973011231A, 6B, Sootblower 38","(393.0, 453.0, 0.0)"
973011231C.dxf,973011231A-E-139,M140-M01,"231, 973011231A, 6B, Sootblower 40","(390.0, 393.0, 0.0)"
973011231C.dxf,973011231A-E-140,M142-M01,"231, 973011231A, 6B, Sootblower 41","(393.0, 363.0, 0.0)"
973011231C.dxf,973011231A-E-141,M144-M01,"231, 973011231A, Sootblower 44, 6B","(369.0, 414.0, 0.0)"
973011231C.dxf,973011231A-E-142,M146-M01,"231, 973011231A, Sootblower 46, 6B","(378.0, 369.0, 0.0)"
973011231C.dxf,973011231A-E-143,M148-M01,"231, 973011231A, 6B, Sootblower 48","(375.0, 327.0, 0.0)"
973011231C.dxf,973011231A-E-144,M150-M01,"Sootblower 50, 973011231A, 6B, 231","(366.0, 279.0, 0.0)"
973011231C.dxf,973011231A-E-145,M152-M01,"231, 973011231A, 6B, Sootblower 52","(366.0, 270.0, 0.0)"
973011231C.dxf,973011231A-E-146,M154-M01,"231, 973011231A, Sootblower 54, 6B","(369.0, 240.0, 0.0)"
973011231C.dxf,973011231A-E-147.1,M156-M01,"231, 973011231A, 6B, Sootblower 56","(393.0, 204.0, 0.0)"
973011231C.dxf,973011231A-E-148,M158-M01,"231, 973011231A, Sootblower 58, 6B","(378.0, 174.0, 0.0)"
973011231C.dxf,973011231A-E-149,M162-M01,"231, Sootblower 62, 973011231A, 6B","(288.0, 450.0, 0.0)"
973011231C.dxf,973011231A-E-150,M164-M01,"231, 973011231A, 6B, Sootblower 64","(288.0, 327.0, 0.0)"
973011231C.dxf,973011231A-E-151,M166-M01,"231, 973011231A, 6B, Sootblower 66","(303.0, 237.0, 0.0)"
973011231C.dxf,973011231A-E-152,M168-M01,"Sootblower 68, 973011231A, 6B, 231","(288.0, 189.0, 0.0)"
973011231C.dxf,973011231A-E-153,M176-M01,"231, 973011231A, 6B, Sootblower 76","(240.0, 180.0, 0.0)"
973011231C.dxf,973011231A-E-154,M174-M01,"231, 973011231A, Sootblower 74, 6B","(204.0, 261.0, 0.0)"
973011231C.dxf,973011231A-E-155,M172-M01,"231, 973011231A, Sootblower 72, 6B","(168.0, 336.0, 0.0)"
973011231C.dxf,973011231A-E-156,M170-M01,"231, 973011231A, 6B, Sootblower 70","(222.0, 450.0, 0.0)"
973011231C.dxf,973011231A-E-157,M160-M01,"231, 973011231A, Sootblower 60, 6B","(303.0, 387.0, 0.0)"
973011231C.dxf,973011231B-E-158,,973011231B,"(912.0, 435.0, 0.0)"
973011231C.dxf,973011231B-E-159,,973011231B,"(888.0, 360.0, 0.0)"
973011231C.dxf,973011231B-E-160.1,,973011231B,"(864.0, 300.0, 0.0)"
973011241C.dxf,973011241A-E-9,,"973011241A, 6B-HV-2425","(186.0, 627.0, 0.0)"
973011241C.dxf,973011241A-E-10,,"973011241A, 6B-HV-2425-M01, Steam drum overflow, 241, 6B","(177.0, 618.0, 0.0)"
973011241C.dxf,973011241A-E-11,,"6B-HV-2402, 973011241A","(939.0, 327.0, 0.0)"
973011241C.dxf,973011241A-E-12,,"973011241A, 6B-HV-2402-M01, CBD VALVE, 241, 6B","(930.0, 315.0, 0.0)"
973011251C.dxf,973011251A-E-17,,"BB rapid drain valve, 351, 973011251A, 6B-HV-2502, 6B","(250.18, 610.46, 0.0)"
973011251C.dxf,973011251A-E-18,,"6B-HV-2503, 973011251A","(349.35, 609.68, 0.0)"
973011251C.dxf,973011251A-E-19,,"973011251A, DC RAPID DRAIN VALVE, 6B-HV-2512","(249.05, 375.37, 0.0)"
973011251C.dxf,973011251A-E-20,,"6B-HV-2513, 973011251A, DC RAPID DRAIN VALVE","(340.58, 374.97, 0.0)"
973011251C.dxf,973011251A-E-21,,"6B-HV-2522, 973011251A","(252.52, 248.53, 0.0)"
973011251C.dxf,973011251A-E-22,,"973011251A, 6B-HV-2523","(347.3, 254.21, 0.0)"
973011251C.dxf,973011251A-E-25,,"251, BB rapid drain valve, 973011251A, 6B, 6B-HV-2502-M01","(227.98, 631.33, 0.0)"
973011251C.dxf,973011251A-E-26,,"251, BB rapid drain valve, 6B-HV-2503-M01, 973011251A, 6B","(307.53, 627.86, 0.0)"
973011251C.dxf,973011251A-E-27,,"251, 6B-HV-2512-M01, 973011251A, DC rapid drain valve, 6B","(222.0, 420.0, 0.0)"
973011251C.dxf,973011251A-E-28,,"6B-HV-2513-M01, 251, 973011251A, DC rapid drain valve, 6B","(303.0, 420.0, 0.0)"
973011251C.dxf,973011251A-E-29,,"251, 973011251A, DC rapid drain valve, 6B-HV-2522-M01, 6B","(243.83, 251.75, 0.0)"
973011251C.dxf,973011251A-E-30,,"251, 973011251A, DC rapid drain valve, 6B-HV-2523-M01, 6B","(346.32, 242.56, 0.0)"
973011261C.dxf,191-E-164.03,,"191, SAMPLE COOLER STATION","(551.87, 254.09, 0.0)"
973011301C.dxf,311-E-431.01.01,W052,"431.01.01, 301, 311, PRIMARY AIR PREHEATER, 6B","(249.0, 335.82, 0.0)"
973011301C.dxf,311-E-19,,311,"(261.0, 576.0, 0.0)"
973011301C.dxf,311-311-E-26,,311,"(-36.0, 258.0, 0.0)"
973011301C.dxf,311-311-E-27,W057,"SECONDARY AIR PREHEATER, 6B, 301, 311","(330.0, 350.78, 0.0)"
973011301C.dxf,973011301-E-28,F050,"6B, 301, PRIMARY AIR SILENCER, 973011301","(204.0, 567.0, 0.0)"
973011301C.dxf,973011301-E-29,F055,"SECONDARY AIR SILENCER, 6B, 301, 973011301","(366.0, 564.0, 0.0)"
973011331C.dxf,332-E-4,F065,"332, TERTIARY AIR/HVLC-GAS FAN, 6B, Z","(456.0, 249.0, 0.0)"
973011331C.dxf,331-E-14,W064,"EXCESS AIR PREHEATER, 6B, 331","(381.0, 444.0, 0.0)"
973011331C.dxf,79371332-E-13,F061,"79371332, 6B, HVLC-CYKLON, 331","(276.0, 189.0, 0.0)"
973011331C.dxf,973011331A-E-16,F065-M01,"973011331A, 6B, Tertiary air/HVLC-gas fank, 331","(513.0, -9.0, 0.0)"
973011341C.dxf,973011341-E-1,M551,"341, 6B, 973011341, PRIMARY AIRPORT RODDER","(81.0, 312.0, 0.0)"
973011341C.dxf,973011341-E-2,M552,"341, 6B, 973011341, PRIMARY AIRPORT RODDER","(87.0, 258.0, 0.0)"
973011341C.dxf,973011341-E-3,M553,"341, 6B, 973011341, PRIMARY AIRPORT RODDER","(123.0, 549.0, 0.0)"
973011341C.dxf,973011341-E-4,M554,"341, 6B, 973011341, PRIMARY AIRPORT RODDER","(108.0, 489.0, 0.0)"
973011341C.dxf,973011341-E-5,M555,"341, 6B, 973011341, PRIMARY AIRPORT RODDER","(96.0, 435.0, 0.0)"
973011341C.dxf,973011341-E-6,M556,"341, 6B, 973011341, PRIMARY AIRPORT RODDER","(108.0, 492.0, 0.0)"
973011341C.dxf,973011341-E-7,M557,"341, 6B, 973011341, PRIMARY AIRPORT RODDER","(129.0, 510.0, 0.0)"
973011341C.dxf,973011341-E-8,M558,"341, 6B, 973011341, PRIMARY AIRPORT RODDER","(96.0, 438.0, 0.0)"
973011341C.dxf,973011341-E-9,M559,"341, 6B, 973011341, PRIMARY AIRPORT RODDER","(75.0, 450.0, 0.0)"
973011341C.dxf,973011341-E-10,M560,"341, 6B, 973011341, PRIMARY AIRPORT RODDER","(78.0, 402.0, 0.0)"
973011341C.dxf,973011341-E-11,M561,"341, 6B, 973011341, PRIMARY AIRPORT RODDER","(75.0, 360.0, 0.0)"
973011341C.dxf,973011341-E-12,M562,"341, 6B, 973011341, PRIMARY AIRPORT RODDER","(141.0, 462.0, 0.0)"
973011341C.dxf,973011341-E-13,M563,"341, 6B, 973011341, PRIMARY AIRPORT RODDER","(-30.0, 384.0, 0.0)"
973011341C.dxf,973011341-E-14,M564,"341, 6B, 973011341, PRIMARY AIRPORT RODDER","(-27.0, 396.0, 0.0)"
973011341C.dxf,973011341-E-15,M565,"341, 6B, 973011341, PRIMARY AIRPORT RODDER","(-93.0, 423.0, 0.0)"
973011341C.dxf,973011341-E-16,M566,"341, 6B, 973011341, PRIMARY AIRPORT RODDER","(-90.0, 438.0, 0.0)"
973011341C.dxf,973011341-E-171,M567,"341, 6B, 973011341, PRIMARY AIRPORT RODDER","(105.0, 369.0, 0.0)"
973011341C.dxf,973011341-E-18,M568,"341, 6B, 973011341, PRIMARY AIRPORT RODDER","(123.0, 378.0, 0.0)"
973011341C.dxf,973011341-E-19,M569,"341, 6B, 973011341, PRIMARY AIRPORT RODDER","(123.0, 366.0, 0.0)"
973011341C.dxf,973011341-E-20,M570,"341, 6B, 973011341, PRIMARY AIRPORT RODDER","(123.0, 339.0, 0.0)"
973011341C.dxf,973011341-E-21,M571,"341, 6B, 973011341, PRIMARY AIRPORT RODDER","(141.0, 177.0, 0.0)"
973011341C.dxf,973011341-E-22,M572,"341, 6B, 973011341, PRIMARY AIRPORT RODDER","(120.0, 306.0, 0.0)"
973011341C.dxf,973011341-E-23,M573,"341, 6B, 973011341, PRIMARY AIRPORT RODDER","(123.0, 303.0, 0.0)"
973011341C.dxf,973011341-E-24,M574,"341, 6B, 973011341, PRIMARY AIRPORT RODDER","(132.0, 204.0, 0.0)"
973011341C.dxf,973011341-E-25,M575,"341, 6B, 973011341, PRIMARY AIRPORT RODDER","(111.0, 222.0, 0.0)"
973011341C.dxf,973011341-E-26,M576,"341, 6B, 973011341, PRIMARY AIRPORT RODDER","(171.0, 201.0, 0.0)"
973011341C.dxf,341-E-26,M582,"341, 6B, PRIMARY AIRPORT RODDER","(171.0, 129.0, 0.0)"
973011341C.dxf,341-E-25,M581,"341, 6B, PRIMARY AIRPORT RODDER","(111.0, 150.0, 0.0)"
973011341C.dxf,341-E-24,M580,"341, 6B, PRIMARY AIRPORT RODDER","(132.0, 132.0, 0.0)"
973011341C.dxf,341-E-23,M579,"341, 6B, PRIMARY AIRPORT RODDER","(123.0, 231.0, 0.0)"
973011341C.dxf,341-E-22,M578,"341, 6B, PRIMARY AIRPORT RODDER","(120.0, 234.0, 0.0)"
973011341C.dxf,341-E-21,M577,"341, 6B, PRIMARY AIRPORT RODDER","(141.0, 105.0, 0.0)"
973011341C.dxf,341-E-261,,"PRIMARY AIRPORT RODDER, 341, MXXX","(156.0, 666.0, 0.0)"
973011341C.dxf,341-E-251,,"PRIMARY AIRPORT RODDER, 341","(96.0, 687.0, 0.0)"
973011341C.dxf,341-E-241,M586,"341, 6B, PRIMARY AIRPORT RODDER","(132.0, 60.0, 0.0)"
973011341C.dxf,341-E-231,M585,"341, 6B, PRIMARY AIRPORT RODDER","(123.0, 159.0, 0.0)"
973011341C.dxf,341-E-221,M584,"341, 6B, PRIMARY AIRPORT RODDER","(120.0, 162.0, 0.0)"
973011341C.dxf,341-E-211,M583,"341, 6B, PRIMARY AIRPORT RODDER","(141.0, 33.0, 0.0)"
973011341C.dxf,341-E-20,M606,"341, 6B, PRIMARY AIRPORT RODDER","(513.0, 318.0, 0.0)"
973011341C.dxf,341-E-19,M605,"341, 6B, PRIMARY AIRPORT RODDER","(513.0, 345.0, 0.0)"
973011341C.dxf,341-E-18,M604,"341, 6B, PRIMARY AIRPORT RODDER","(513.0, 357.0, 0.0)"
973011341C.dxf,341-E-171,M603,"341, 6B, PRIMARY AIRPORT RODDER","(495.0, 348.0, 0.0)"
973011341C.dxf,341-E-16,M602,"341, 6B, PRIMARY AIRPORT RODDER","(300.0, 417.0, 0.0)"
973011341C.dxf,341-E-15,M601,"341, 6B, PRIMARY AIRPORT RODDER","(297.0, 402.0, 0.0)"
973011341C.dxf,341-E-14,M600,"341, 6B, PRIMARY AIRPORT RODDER","(363.0, 375.0, 0.0)"
973011341C.dxf,341-E-13,M599,"341, 6B, PRIMARY AIRPORT RODDER","(360.0, 363.0, 0.0)"
973011341C.dxf,341-E-12,M598,"341, 6B, PRIMARY AIRPORT RODDER","(531.0, 441.0, 0.0)"
973011341C.dxf,341-E-11,M597,"341, 6B, PRIMARY AIRPORT RODDER","(465.0, 339.0, 0.0)"
973011341C.dxf,341-E-10,M596,"341, 6B, PRIMARY AIRPORT RODDER","(468.0, 381.0, 0.0)"
973011341C.dxf,341-E-9,M595,"341, 6B, PRIMARY AIRPORT RODDER","(465.0, 429.0, 0.0)"
973011341C.dxf,341-E-8,M594,"341, 6B, PRIMARY AIRPORT RODDER","(486.0, 417.0, 0.0)"
973011341C.dxf,341-E-7,M593,"341, 6B, PRIMARY AIRPORT RODDER","(519.0, 489.0, 0.0)"
973011341C.dxf,341-E-6,M592,"341, 6B, PRIMARY AIRPORT RODDER","(498.0, 471.0, 0.0)"
973011341C.dxf,341-E-5,M591,"341, 6B, PRIMARY AIRPORT RODDER","(486.0, 414.0, 0.0)"
973011341C.dxf,341-E-4,M590,"341, 6B, PRIMARY AIRPORT RODDER","(498.0, 468.0, 0.0)"
973011341C.dxf,341-E-3,M589,"341, 6B, PRIMARY AIRPORT RODDER","(513.0, 528.0, 0.0)"
973011341C.dxf,341-E-2,M588,"341, 6B, PRIMARY AIRPORT RODDER","(477.0, 237.0, 0.0)"
973011341C.dxf,341-E-1,M587,"341, 6B, PRIMARY AIRPORT RODDER","(471.0, 291.0, 0.0)"
973011341C.dxf,341-E-213,M607,"341, 6B, PRIMARY AIRPORT RODDER","(528.0, 141.0, 0.0)"
973011341C.dxf,341-E-22222,M608,"341, 6B, PRIMARY AIRPORT RODDER","(507.0, 270.0, 0.0)"
973011341C.dxf,341-E-2322,M609,"341, 6B, PRIMARY AIRPORT RODDER","(510.0, 267.0, 0.0)"
973011341C.dxf,341-E-2422,M610,"341, 6B, PRIMARY AIRPORT RODDER","(519.0, 168.0, 0.0)"
973011341C.dxf,341-E-2522,M611,"341, 6B, PRIMARY AIRPORT RODDER","(498.0, 186.0, 0.0)"
973011341C.dxf,341-E-2622,M612,"341, 6B, PRIMARY AIRPORT RODDER","(558.0, 165.0, 0.0)"
973011341C.dxf,341-E-2122,M613,"341, 6B, PRIMARY AIRPORT RODDER","(528.0, 69.0, 0.0)"
973011341C.dxf,341-E-2222,M614,"341, 6B, PRIMARY AIRPORT RODDER","(507.0, 198.0, 0.0)"
973011341C.dxf,341-E-23111,M615,"341, 6B, PRIMARY AIRPORT RODDER","(510.0, 195.0, 0.0)"
973011341C.dxf,341-E-24111,M616,"341, 6B, PRIMARY AIRPORT RODDER","(519.0, 96.0, 0.0)"
973011341C.dxf,341-E-2511,M617,"341, 6B, PRIMARY AIRPORT RODDER","(498.0, 114.0, 0.0)"
973011341C.dxf,341-E-2611,M618,"341, 6B, PRIMARY AIRPORT RODDER","(558.0, 93.0, 0.0)"
973011341C.dxf,341-E-2111,M619,"341, 6B, PRIMARY AIRPORT RODDER","(528.0, -3.0, 0.0)"
973011341C.dxf,341-E-2211,M620,"341, 6B, PRIMARY AIRPORT RODDER","(507.0, 126.0, 0.0)"
973011341C.dxf,341-E-2311,M621,"341, 6B, PRIMARY AIRPORT RODDER","(510.0, 123.0, 0.0)"
973011341C.dxf,341-E-2411,M622,"341, 6B, PRIMARY AIRPORT RODDER","(519.0, 24.0, 0.0)"
973011341C.dxf,973011341-E-27,M641,"341, 6B, 973011341, SECONDARY AIRPORT RODDER","(594.0, 396.0, 0.0)"
973011341C.dxf,973011341-E-28,M642,"341, 6B, 973011341, SECONDARY AIRPORT RODDER","(600.0, 471.0, 0.0)"
973011341C.dxf,973011341-E-29,M643,"341, 6B, 973011341, SECONDARY AIRPORT RODDER","(792.0, 480.0, 0.0)"
973011341C.dxf,973011341-E-30,M644,"341, 6B, 973011341, SECONDARY AIRPORT RODDER","(1149.0, 468.0, 0.0)"
973011341C.dxf,973011341-E-31,M645,"341, 6B, 973011341, SECONDARY AIRPORT RODDER","(741.0, 417.0, 0.0)"
973011341C.dxf,973011341-E-32,M635,"341, 6B, 973011341, SECONDARY AIRPORT RODDER","(603.0, 285.0, 0.0)"
973011341C.dxf,341-E-28,M634,"341, 6B, SECONDARY AIRPORT RODDER","(516.0, 252.0, 0.0)"
973011341C.dxf,341-E-27,M633,"341, 6B, SECONDARY AIRPORT RODDER","(531.0, 222.0, 0.0)"
973011341C.dxf,341-E-28X1,M632,"341, 6B, SECONDARY AIRPORT RODDER","(528.0, 162.0, 0.0)"
973011341C.dxf,341-E-27X1,M631,"341, 6B, SECONDARY AIRPORT RODDER","(594.0, 555.0, 0.0)"
973011341C.dxf,341X-E-27X1,M636,"341, 6B, SECONDARY AIRPORT RODDER, 341X","(912.0, 159.0, 0.0)"
973011341C.dxf,341X-E-28X1,M637,"341, 6B, SECONDARY AIRPORT RODDER, 341X","(918.0, 234.0, 0.0)"
973011341C.dxf,341X-E-27,M638,"341, 6B, SECONDARY AIRPORT RODDER, 341X","(921.0, 294.0, 0.0)"
973011341C.dxf,341X-E-28,M639,"341, 6B, SECONDARY AIRPORT RODDER, 341X","(906.0, 324.0, 0.0)"
973011341C.dxf,341X-E-32,M640,"341, 6B, SECONDARY AIRPORT RODDER, 341X","(993.0, 357.0, 0.0)"
973011411C.dxf,311-E-100.01,,"6BM019, 100.01, 311, FURNACE","(138.0, 273.0, 0.0)"
973011411C.dxf,311-E-471.01,M259,"471.01, STACK, 6B, 311","(684.0, 367.04, 0.0)"
973011411C.dxf,311-E-461.01.01,,"Savukanavien kellopellit, 311, 461.01.01, 6B-HV-4163","(374.5, 630.72, 0.0)"
973011411C.dxf,311-E-461.01.02,,"6B-HV-4171, 461.01.02, 311, Savukanavien kellopellit","(376.06, 644.8, 0.0)"
973011411C.dxf,311-E-461.01.05,,"461.01.05, 6B-HV-4177, 311, Savukanavien kellopellit","(933.3, 230.92, 0.0)"
973011411C.dxf,311-E-461.01.04,,"6B-HV-4170, 311, 461.01.04, Savukanavien kellopellit","(906.0, 402.0, 0.0)"
973011411C.dxf,79371411-E-20,F255,"441.06.02, 6B, 79371411, FLUE GAS FAN #3","(555.0, 135.0, 0.0)"
973011411C.dxf,79371411-E-21,F255-M01,"411, 6B, Flue gas fan 3, 79371411","(534.0, 81.0, 0.0)"
973011411C.dxf,973011521-E-211,M201,"973011521, 421, Z, ELECTROSTATIC PRECIPITATOR 1, 6B","(432.0, 495.0, 0.0)"
973011411C.dxf,311-E-511.01.02,M221,"421, Z, ELECTROSTATIC PRECIPITATOR 2, 311, 6B","(438.0, 300.0, 0.0)"
973011411C.dxf,973011411-E-24,M241,"421, Z, ELECTROSTATIC PRECIPITATOR 3, 973011411, 6B","(441.0, 138.0, 0.0)"
973011411C.dxf,973011411A-E-25,,"6B-HV-4179, 973011411A","(423.0, -36.0, 0.0)"
973011411C.dxf,973011411A-E-26,,"Precip inlet damper 3, 6B-HV-4179-M01, 973011411A, 6B, 411","(396.0, 237.0, 0.0)"
973011411C.dxf,973011411A-E-27,,"973011411A, 6B-HV-4185","(600.0, -30.0, 0.0)"
973011411C.dxf,973011411A-E-28,,"6B-HV-4185-M01, 973011411A, Precip outlet damper 3, 6B, 411","(573.0, 63.0, 0.0)"
973011421C.dxf,421-E-511.82.13,M227,"421, 6B, #2 ESP #3 COLLECTING ELECTRODE RAPP","(515.43, 271.04, 0.0)"
973011421C.dxf,421-E-511.82.12,M226,"421, 6B, #2 ESP #2 CHARGING ELECTRODE RAPPER","(551.05, 344.59, 0.0)"
973011421C.dxf,421-E-511.82.11,M225,"421, 6B, #2 ESP #2 COLLECTING ELECTRODE RAPP","(532.86, 292.04, 0.0)"
973011421C.dxf,421-E-511.82.10,M224,"421, 6B, #2 ESP #1 CHARGING ELECTRODE RAPPER","(516.4, 305.59, 0.0)"
973011421C.dxf,421-E-511.82.09,M223,"421, 6B, #2 ESP #1 COLLECTING ELECTRODE RAPP","(523.3, 322.04, 0.0)"
973011421C.dxf,421-E-511.82.08,M222,"#2 ESP INLET GAS ELECTRODE RAPPER, 421, 6B","(336.45, 354.8, 0.0)"
973011421C.dxf,421-E-205,M202,"421, 6B, #1 ESP INLET GAS RAPPING SYSTEM","(186.0, 201.0, 0.0)"
973011421C.dxf,421-E-206,M203,"421, #1 ESP #1 COLLECTING ELECTRODE RAPP, 6B","(198.0, 264.0, 0.0)"
973011421C.dxf,421-E-511.82.03X21,M204,"421, 6B, #1 ESP #1 CHARGING ELECTRODE RAPPER","(279.0, 318.0, 0.0)"
973011421C.dxf,421-E-511.82.04X21,M205,"421, 6B, #1 ESP #2 COLLECTING ELECTRODE RAPP","(282.0, 327.0, 0.0)"
973011421C.dxf,421-E-511.82.05X21,M206,"421, 6B, #1 ESP #2 CHARGING ELECTRODE RAPPER","(111.0, 294.0, 0.0)"
973011421C.dxf,521-E-511.82.06,M207,"421, 6B, #1 ESP #3 COLLECTING ELECTRODE RAPP, 521","(306.0, 342.0, 0.0)"
973011421C.dxf,521-E-511.82.01.1,M242,"421, 6B, #3 ESP INLET GAS RAPPING SYSTEM, 521","(741.0, 336.0, 0.0)"
973011421C.dxf,521-E-511.82.021,M243,"421, 6B, 521, #3 ESP #1 COLLECTING ELECTRODE RAPP","(750.0, 321.0, 0.0)"
973011421C.dxf,521-E-511.82.031,M244,"421, 6B, #3 ESP #1 CHARGING ELECTRODE RAPPER, 521","(771.0, 360.0, 0.0)"
973011421C.dxf,521-E-511.82.041,M245,"#3 ESP #2 COLLECTING ELECTRODE RAPP, 421, 6B, 521","(735.0, 288.0, 0.0)"
973011421C.dxf,521-E-511.82.051,M246,"#3 ESP #2 CHARGING ELECTRODE RAPPER, 421, 6B, 521","(738.0, 273.0, 0.0)"
973011421C.dxf,521-E-511.82.06.1,M247,"421, 6B, #3 ESP #3 COLLECTING ELECTRODE RAPP, 521","(744.0, 279.0, 0.0)"
973011421C.dxf,973011521-E-211,M201,"973011521, 421, Z, ELECTROSTATIC PRECIPITATOR 1, 6B","(183.0, 360.0, 0.0)"
973011421C.dxf,311-E-511.01.02,M221,"421, Z, ELECTROSTATIC PRECIPITATOR 2, 311, 6B","(450.0, 360.0, 0.0)"
973011421C.dxf,973011411-E-24,M241,"421, Z, ELECTROSTATIC PRECIPITATOR 3, 973011411, 6B","(669.0, 363.0, 0.0)"
973011421C.dxf,973011421A-E-224,C211-M01,"421, 973011421A, ASH CONVEYOR EP 1, 6B","(-48.0, 282.0, 0.0)"
973011421C.dxf,973011421A-E-225,C210-M01,"421, 973011421A, ASH CONVEYOR EP 1, 6B","(-45.0, 252.0, 0.0)"
973011421C.dxf,973011421A-E-226.1,M202-M01,"421, 973011421A, #1 ESP INLET GAS RAPPING SYSTEM, 6B","(-33.0, 351.0, 0.0)"
973011421C.dxf,973011421A-E-227,M203-M01,"421, #1 ESP #1 COLLECTING ELECTRODE RAPP, 973011421A, 6B","(-60.0, 330.0, 0.0)"
973011421C.dxf,973011421A-E-228,M204-M01,"973011421A, 421, #1 ESP #1 CHARGING ELECTRODE RAPPER, 6B","(-93.0, 330.0, 0.0)"
973011421C.dxf,973011421A-E-229,M205-M01,"421, 973011421A, #1 ESP #2 COLLECTING ELECTRODE RAPP, 6B","(-108.0, 267.0, 0.0)"
973011421C.dxf,973011421A-E-230,M206-M01,"421, 973011421A, #1 ESP #2 CHARGING ELECTRODE RAPPER, 6B","(-84.0, 282.0, 0.0)"
973011421C.dxf,973011421A-E-231,M207-M01,"421, 973011421A, #1 ESP #3 COLLECTING ELECTRODE RAPP, 6B","(-84.0, 252.0, 0.0)"
973011421C.dxf,973011421A-E-232,M222-M01,"#2 ESP INLET GAS ELECTRODE RAPPER, 421, 973011421A, 6B","(501.0, 342.0, 0.0)"
973011421C.dxf,973011421A-E-233,M223-M01,"421, 973011421A, #2 ESP #1 COLLECTING ELECTRODE RAPP, 6B","(516.0, 321.0, 0.0)"
973011421C.dxf,973011421A-E-234,M224-M01,"421, 973011421A, #2 ESP #1 CHARGING ELECTRODE RAPPER, 6B","(516.0, 312.0, 0.0)"
973011421C.dxf,973011421A-E-235,M225-M01,"421, 973011421A, #2 ESP #2 COLLECTING ELECTRODE RAPP, 6B","(531.0, 306.0, 0.0)"
973011421C.dxf,973011421A-E-236,M226-M01,"421, 973011421A, #2 ESP #2 CHARGING ELECTRODE RAPPER, 6B","(525.0, 288.0, 0.0)"
973011421C.dxf,973011421A-E-237,M227-M01,"973011421A, 421, #2 ESP #3 COLLECTING ELECTRODE RAPP, 6B","(522.0, 276.0, 0.0)"
973011421C.dxf,973011421A-E-238,C230-M01,"421, ASH CONVEYOR EP 2, 973011421A, 6B","(519.0, 258.0, 0.0)"
973011421C.dxf,973011421A-E-239,C231-M01,"421, ASH CONVEYOR EP 2, 973011421A, 6B","(519.0, 249.0, 0.0)"
973011421C.dxf,973011421A-E-240,C232-M01,"421, 973011421A, EP 2 COLLECTING CONVEYOR, 6B","(522.0, 237.0, 0.0)"
973011421C.dxf,973011421A-E-241,,973011421A,"(120.0, 246.0, 0.0)"
973011421C.dxf,973011421A-E-242,M242-M01,"973011421A, 421, #3 ESP INLET GAS RAPPING SYSTEM, 6B","(714.0, 339.0, 0.0)"
973011421C.dxf,973011421A-E-243,M243-M01,"421, 973011421A, 6B, #3 ESP #1 COLLECTING ELECTRODE RAPP","(729.0, 318.0, 0.0)"
973011421C.dxf,973011421A-E-244,M244-M01,"421, 973011421A, #3 ESP #1 CHARGING ELECTRODE RAPPER, 6B","(732.0, 309.0, 0.0)"
973011421C.dxf,973011421A-E-245,M245-M01,"#3 ESP #2 COLLECTING ELECTRODE RAPP, 421, 973011421A, 6B","(732.0, 297.0, 0.0)"
973011421C.dxf,973011421A-E-246,M246-M01,"#3 ESP #2 CHARGING ELECTRODE RAPPER, 421, 973011421A, 6B","(729.0, 282.0, 0.0)"
973011421C.dxf,973011421A-E-247,M247-M01,"421, 973011421A, #3 ESP #3 COLLECTING ELECTRODE RAPP, 6B","(729.0, 273.0, 0.0)"
973011421C.dxf,973011421A-E-248,C250-M01,"ASH CONVEYOR EP 3, 421, 973011421A, 6B","(729.0, 261.0, 0.0)"
973011421C.dxf,973011421A-E-249,C251-M01,"ASH CONVEYOR EP 3, 421, 973011421A, 6B","(735.0, 252.0, 0.0)"
973011421C.dxf,973011421A-E-250,C252-M01,"421, 973011421A, 6B, EP 3 COLLECTING CONVEYOR","(729.0, 234.0, 0.0)"
973011521C.dxf,521-E-664.01.01,T293,"87152531, OF_LEVEL, TOPT, CONS, MIXING TANK, 521, DIAM, HEIGHT, TIME, 6B, 664.01.01, VOL","(333.0, 78.0, 0.0)"
973011521C.dxf,521-521-E-195,C267,"6B, SALT CAKE SILO ELEVATOR, 521","(734.27, 281.58, 0.0)"
973011521C.dxf,521-521-E-197,C272,"ASH CRUSHER, 6B, 521","(57.0, 501.0, 0.0)"
973011521C.dxf,521-521-E-198,C272-M01,"6B, Ash crusher, 521","(87.0, 327.0, 0.0)"
973011521C.dxf,521-521-E-200,C271,"6B, PREBOILER BANK HOPPER CONVEYOR, 521, 87152521","(78.27, 424.17, 0.0)"
973011521C.dxf,521-521-E-201,C273,"PREBOILER BANK ROTARY FEEDER, 6B, 521, 87152521","(68.59, 492.41, 0.0)"
973011521C.dxf,521-521-E-200-M01,C271-M01,"Preboiler bank hopper conveyor, 6B, 521","(40.7, 422.88, 0.0)"
973011521C.dxf,521-521-E-204,,"87152521, SALT CAKE SILO ELEVATOR, 521","(753.0, 255.0, 0.0)"
973011521C.dxf,973011521-E-211,M201,"973011521, 421, Z, ELECTROSTATIC PRECIPITATOR 1, 6B","(333.0, 486.0, 0.0)"
973011521C.dxf,311-E-511.01.02,M221,"421, Z, ELECTROSTATIC PRECIPITATOR 2, 311, 6B","(501.0, 504.0, 0.0)"
973011521C.dxf,973011411-E-24,M241,"421, Z, ELECTROSTATIC PRECIPITATOR 3, 973011411, 6B","(669.0, 510.0, 0.0)"
973011521C.dxf,973011521-E-214,T268,"973011521, 6B, MAKE-UP SALT SILO","(717.0, 234.0, 0.0)"
973011521C.dxf,973011521-E-215,T266,"973011521, PRECIPITATOR ASH DILUTION TANK, 6B, 521","(492.0, 42.0, 0.0)"
973011521C.dxf,973011521-E-216,C265,"973011521, ESP ASH SCREW CONVEYOR, 6B, 521","(600.0, 159.0, 0.0)"
973011521C.dxf,973011521-E-217,C265-M01,"973011521, EP ash screw conveyor, 6B, 521","(534.0, 165.0, 0.0)"
973011521C.dxf,973011521A-E-218,C269-M01,"521, 6B, 973011521A, Make-up salt conveyor","(888.0, 219.0, 0.0)"
973011521C.dxf,973011521A-E-219,C264-M01,"521, 6B, 973011521A, EP ash transfer conveyor","(435.0, -54.0, 0.0)"
973011521C.dxf,973011521C-E-220,C270,"6B, SALT CRUSHER, 973011521C, 521","(762.0, 318.0, 0.0)"
973011521C.dxf,973011521C-E-221,C270-M01,"6B, SALT CRUSHER, 973011521C, 521","(685.21, 335.66, 0.0)"
973011531C.dxf,431-E-17,P312-M01,"431, 6B, Black liquor transfer pump 2, 531","(556.63, 247.09, 0.0)"
973011531C.dxf,431-E-664.04.01,F316,"431, MIXING TANK VENT GAS SCRUBBER, 6B, 531","(516.92, 438.66, 0.0)"
973011531C.dxf,521-E-664.01.01,T293,"87152531, OF_LEVEL, TOPT, CONS, MIXING TANK, 521, DIAM, HEIGHT, TIME, 6B, 664.01.01, VOL","(372.0, 357.0, 0.0)"
973011531C.dxf,973011531-E-19,T305,"OF_LEVEL, TOPT, CONS, DIAM, 973011531, HEIGHT, SUMP TANK, TIME, 6B, VOL","(84.0, 45.0, 0.0)"
973011531C.dxf,973011531C-E-20,,973011531C,"(912.0, 282.0, 0.0)"
973011531C.dxf,973011531C-E-21,,973011531C,"(966.0, 210.0, 0.0)"
973011531C.dxf,973011531C-E-22,,973011531C,"(-39.0, 372.0, 0.0)"
973011541C.dxf,441-E-652.01,M324,"541, 6B, 441, BL DIRECT PREHEATER","(426.0, 270.0, 0.0)"
973011541C.dxf,79371541-E-2,P035,"79371541, IN, 6A, OUT, Z, FIRING LIQUOR PUMP 1, HEAD, FLOW","(-243.0, 201.0, 0.0)"
973011541C.dxf,79371541-E-3,P036,"79371541, IN, 6A, OUT, Z, FIRING LIQUOR PUMP 2, HEAD, FLOW","(-222.0, 156.0, 0.0)"
973011541C.dxf,79371541-E-4,P036-M01,"79371541, 541, Firing liquor pump 2, 6A","(147.0, 117.0, 0.0)"
973011541C.dxf,79371541-E-5,P035-M01,"79371541, 541, Firing liquor pump 1, 6A","(138.0, 177.0, 0.0)"
973011541C.dxf,973011541C-E-6,,973011541C,"(228.0, -24.0, 0.0)"
973011541C.dxf,973011541C-E-71,,973011541C,"(345.0, -72.0, 0.0)"
973011541C.dxf,973011541C-E-8,,973011541C,"(657.0, 624.0, 0.0)"
973011551C.dxf,973011551C-E-5,,973011551C,"(867.0, 204.0, 0.0)"
973011551C.dxf,973011551C-E-6,,973011551C,"(522.0, -18.0, 0.0)"
973011581C.dxf,481-E-633.06.02,M342,"581, 633.06.02, SMELT SPOUT 2, 6B, 481","(372.0, 192.0, 0.0)"
973011581C.dxf,481-E-633.06.03,M343,"581, 633.06.03, SMELT SPOUT 3, 6B, 481","(447.0, 192.0, 0.0)"
973011581C.dxf,481-E-633.06.04,M344,"581, 633.06.04, SMELT SPOUT 4, 6B, 481","(516.0, 192.0, 0.0)"
973011581C.dxf,481-E-633.06.01,M341,"581, 633.06.01, SMELT SPOUT 1, 6B, 481","(300.0, 192.0, 0.0)"
973011591C.dxf,591-E-657.02,M348,"VENT GAS SCRUBBER, 591, 6B, LAVADOR DE GASES DE VENTEO","(336.0, 353.11, 0.0)"
973011591C.dxf,591-E-657.03,W353,"ENFRIADOR LAVAD. GAS VENTEO TK DISOLVEDOR, 591, 6B, VENT GAS SCRUBBER COOLER","(447.0, 301.5, 0.0)"
973011591C.dxf,591-E-16,T355,"OF_LEVEL, TANQUE DE AGUA DE SELLOS, TOPT, WATER SEAL, CONS, DIAM, HEIGHT, 591, TIME, 6B, VOL","(303.0, 114.0, 0.0)"
973011591C.dxf,591-E-17,F349-M01,"591, 6B, Vent gas scrubber fan","(345.0, 510.0, 0.0)"
973011631C.dxf,631-E-3,M371,"6B, 631, START-UP BURNER 1, 641","(-1041.0, 429.0, 0.0)"
973011631C.dxf,631-E-4,M372,"START-UP BURNER 2, 6B, 631, 641","(-993.0, 429.0, 0.0)"
973011631C.dxf,631-E-5,M373,"START-UP BURNER 3, 6B, 631, 641","(-948.0, 432.0, 0.0)"
973011631C.dxf,631-E-6,M374,"START-UP BURNER 4, 6B, 631, 641","(-906.0, 429.0, 0.0)"
973011631C.dxf,149074631_210806-E-18,M375,"START-UP BURNER 5, 6B, 641, 149074631_210806","(-858.0, 429.0, 0.0)"
973011631C.dxf,149074631_210806-E-19,M376,"6B, START-UP BURNER 6, 641, 149074631_210806","(-810.0, 429.0, 0.0)"
973011631C.dxf,X841-E-2,"M451, X841","6B, 841, RB LVHC-GAS BURNER","(-702.0, 423.0, 0.0)"
973011641C.dxf,641-E-341.01.01,,"341.01.01, 641","(342.0, 531.0, 0.0)"
973011641C.dxf,641-E-341.01.1A,,"641, FLAME SCANNER","(523.27, 495.0, 0.0)"
973011641C.dxf,631-E-3,M371,"6B, 631, START-UP BURNER 1, 641","(519.0, 480.0, 0.0)"
973011641C.dxf,631-E-4,M372,"START-UP BURNER 2, 6B, 631, 641","(609.0, 492.0, 0.0)"
973011641C.dxf,631-E-5,M373,"START-UP BURNER 3, 6B, 631, 641","(657.0, 489.0, 0.0)"
973011641C.dxf,631-E-6,M374,"START-UP BURNER 4, 6B, 631, 641","(561.0, 342.0, 0.0)"
973011641C.dxf,149074631_210806-E-18,M375,"START-UP BURNER 5, 6B, 641, 149074631_210806","(609.0, 345.0, 0.0)"
973011641C.dxf,149074631_210806-E-19,M376,"6B, START-UP BURNER 6, 641, 149074631_210806","(660.0, 339.0, 0.0)"
973011711C.dxf,481-E-633.06.01,M341,"581, 633.06.01, SMELT SPOUT 1, 6B, 481","(189.0, 528.0, 0.0)"
973011711C.dxf,481-E-633.06.02,M342,"581, 633.06.02, SMELT SPOUT 2, 6B, 481","(201.0, 498.0, 0.0)"
973011711C.dxf,481-E-633.06.03,M343,"581, 633.06.03, SMELT SPOUT 3, 6B, 481","(210.0, 468.0, 0.0)"
973011711C.dxf,481-E-633.06.04,M344,"581, 633.06.04, SMELT SPOUT 4, 6B, 481","(221.96, 438.04, 0.0)"
973011711C.dxf,973011711-E-13,M409,"EJECTOR 4, 6B, 973011711, 711","(369.0, 288.0, 0.0)"
973011711C.dxf,973011711-E-14,M406,"EJECTOR 1, 6B, 973011711, 711","(423.0, 171.0, 0.0)"
973011711C.dxf,973011711-E-15,M407,"6B, 973011711, EJECTOR 2, 711","(393.0, 183.0, 0.0)"
973011711C.dxf,973011711-E-16,M408,"6B, 973011711, 711, EJECTOR 3","(390.0, 237.0, 0.0)"
973011731C.dxf,111-E-15,P003,"WATER WASH PUMP, IN, Z, BMS, OUT, 111, HEAD, 6B, FLOW","(459.0, 186.0, 0.0)"
973011731C.dxf,79371541-E-2,P035,"79371541, IN, 6A, OUT, Z, FIRING LIQUOR PUMP 1, HEAD, FLOW","(255.0, 231.0, 0.0)"
973011731C.dxf,79371541-E-3,P036,"79371541, IN, 6A, OUT, Z, FIRING LIQUOR PUMP 2, HEAD, FLOW","(183.0, 144.0, 0.0)"
973011811C.dxf,811-E-2,T433,"OF_LEVEL, TOPT, LVHC CONDENSATE PUMP TANK 2, CONS, DIAM, HEIGHT, TIME, 6B, VOL, 811","(195.0, 276.0, 0.0)"
973011811C.dxf,811-E-3,P434,"IN, OUT, HEAD, FOUL CONDENSATE PUMP 2, 6B, 811, FLOW","(198.0, 54.0, 0.0)"
973011811C.dxf,973011811A-E-4,P434-M01,"973011811A, 6B, Foul condensate pump 2, 811","(159.0, -18.0, 0.0)"
973011821C.dxf,821-E-1,M032,"821, Höyryejektori, STEAM EJECTOR, 6A","(291.97, 453.33, 0.0)"
973011821C.dxf,973011821-E-1,T014,"973011821, FOG GAS WATER SEAL, 821, 6A","(261.0, 192.0, 0.0)"
973011821C.dxf,973011821-E-2,M033,"973011821, 821, FOG GAS P/V BREAKER, 6A","(183.0, 420.0, 0.0)"
973011831C.dxf,831-E-2,T431,"OF_LEVEL, TOPT, CONS, 831, DIAM, HEIGHT, LVHC CONDENSATE PUMP TANK 1, TIME, 6B, VOL","(195.0, 276.0, 0.0)"
973011831C.dxf,831-E-3,P432,"FOUL CONDENSATE PUMP 1, IN, 3 l/s, OUT, 831, 30, 6B","(219.0, 24.0, 0.0)"
973011831C.dxf,973011831A-E-4,P432-M01,"973011831A, 6B, Foul condensate pump 1, 831","(189.0, -27.0, 0.0)"
973011841C.dxf,X841-E-2,"M451, X841","6B, 841, RB LVHC-GAS BURNER","(556.09, 275.34, 0.0)"
973011841C.dxf,X841-E-1,"T444, X841","OF_LEVEL, TOPT, DROPLET SEPARATOR, TIME, 6B","(255.71, 454.5, 0.0)"
973011841C.dxf,X841-E-112,X841,IGNITOR,"(612.32, 119.91, 0.0)"
973011841C.dxf,X841-E-22,X841,FLAME SCANNER,"(624.31, 48.7, 0.0)"
973011841C.dxf,X841-E-23,X841,,"(605.16, 20.89, 0.0)"
973011841C.dxf,821-E-11,T447,"821, OF_LEVEL, TOPT, DROPLET SEPARATOR, TIME, 6B","(255.71, 316.5, 0.0)"
973011841C.dxf,973011841-E-4,M448,"6B, 841, 973011841, FLAME ARRESTER","(471.0, 324.0, 0.0)"
973011841C.dxf,973011841-E-5,M445,"6B, 841, 973011841, FLAME ARRESTER","(558.0, 204.0, 0.0)"
973011851C.dxf,851-E-10,T461,"851, OF_LEVEL, TOPT, DROPLET SEPARATOR, CONS, 87152851, DIAM, HEIGHT, TIME, 6B, VOL","(165.12, 336.93, 0.0)"
973011851C.dxf,851-E-1022,T464,"851, OF_LEVEL, TOPT, DROPLET SEPARATOR, CONS, 87152851, DIAM, HEIGHT, TIME, 6B, VOL","(198.12, 111.93, 0.0)"
973011861C.dxf,861-E-1.1,,"-F-23, 1, 861, RC HVLC GAS FAN, 6C","(336.0, 537.0, 0.0)"
973011861C.dxf,"-E-57, 861-E-21",,"RC HVLC SCRUBBER, 6C, 861","(201.0, 498.0, 0.0)"
973011861C.dxf,861-E-3,,"SCRUBBER CIRCULATION PUMP, IN, OUT, 861, 14, -P-77, 6C, 50","(351.0, 264.0, 0.0)"
973011861C.dxf,861-E-5,,"-F-23-M01, RC HVLC fan, 6C, 861","(330.0, 519.0, 0.0)"
973011861C.dxf,861-E-6,,"Scrubber circulation pump, 6C, -P-77-M01, 861","(291.0, 174.0, 0.0)"
973011861C.dxf,"861-E-4, -E-58",,"6C, HEAT EXCHANGER, 861","(579.0, 150.0, 0.0)"
973011871C.dxf,871-E-1.1,F001,"VENT GAS FAN, 871, 6A","(498.0, 480.0, 0.0)"
973011871C.dxf,871-E-21,M031,"SCRUBBER, 871, 6A","(201.0, 498.0, 0.0)"
973011871C.dxf,871-E-3,P040,"SCRUBBER CIRCULATION PUMP, IN, 6A, OUT, 871, HEAD, FLOW","(333.0, 318.0, 0.0)"
973011871C.dxf,871-E-5,F001-M01,"Vent gas fan, 871, 6A","(330.0, 519.0, 0.0)"
973011871C.dxf,871-E-6,P040-M01,"Scrubber circulation pump, 871, 6A","(291.0, 342.0, 0.0)"
973011871C.dxf,79371871-E-7,P039,"SCRUBBER CIRCULATION PUMP, IN, 6A, 79371871, OUT, 871, HEAD, FLOW","(177.0, 267.0, 0.0)"
973011871C.dxf,79371871-E-8,P039-M01,"79371871, Scrubber circulation pump, 871, 6A","(189.0, 330.0, 0.0)"
973011871C.dxf,871-E-4,W006,"HEAT EXCHANGER, 871, 6A","(558.0, 228.0, 0.0)"
973011881C.dxf,881-E-11,F469-M01,"881, 851, 6B, FD fan","(112.46, 332.86, 0.0)"
973011881C.dxf,881-E-2,M467,"881, 851, 124778, 6B, STAND-BY LVHC BURNER","(582.0, 549.0, 0.0)"
973011881C.dxf,881-E-6.1,M462,"881, 6B, 124778, FLAME ARRESTER","(382.66, 438.4, 0.0)"
973011881C.dxf,881-E-6.122,M465,"881, 6B, 124778, FLAME ARRESTER","(247.66, 354.4, 0.0)"
973011931C.dxf,931-E-1,P501,"IN, OUT, HEAD, 931, WARM WATER PUMP, 6B, FLOW","(552.0, 184.31, 0.0)"
973011931C.dxf,931-E-2,P501-M01,"6B, Warm water pump, 931","(240.0, 177.0, 0.0)"
973011981C.dxf,973011981-E-21,M520,"973011981, 6B, 981, EJECTOR","(483.0, 486.0, 0.0)"
